Eduardo Frei Montalva,Salvador Allende,Augusto Pinochet,Patricio Aylwin,Eduardo Frei Ruiz-Tagle,Ricardo Lagos,Michelle Bachelet (2006-2010),Sebasti치n Pi침era (2010-2014),Michelle Bachelet (2014-2018),Sebasti치n Pi침era (2018-2022),Gabriel Boric,ID
5,1,4,4,4,6,2,5,3,5,5,1
6,4,1,5,5,6,2,4,6,4,4,2
5,6,1,5,4,6,1,7,6,3,5,3
4,7,3,5,4,6,2,4,4,4,4,4
7,4,2,6,4,3,5,4,2,7,6,5
5,5,1,4,3,4,6,5,4,7,6,6
3,1,1,1,5,7,5,7,5,2,4,7
4,6,5,6,1,5,5,3,5,4,6,8
4,4,7,6,4,4,2,3,7,5,5,9
7,7,1,6,5,5,3,3,1,3,1,10
5,2,2,7,6,3,3,6,3,3,1,11
6,1,1,4,5,4,4,3,2,2,4,12
5,1,7,7,5,5,5,6,6,3,5,13
5,7,1,7,7,5,6,4,6,3,5,14
6,1,5,6,6,4,6,6,1,5,5,15
4,5,1,4,4,5,4,5,1,2,1,16
6,5,7,4,4,4,5,2,6,5,5,17
4,7,1,7,5,7,5,5,1,3,2,18
6,1,5,6,4,4,5,5,4,1,3,19
6,2,6,5,4,4,4,4,3,4,1,20
4,1,3,5,5,4,7,7,3,5,5,21
5,2,7,6,4,1,5,4,4,1,1,22
4,2,6,6,2,4,2,2,6,7,2,23
5,1,7,6,5,4,6,7,6,6,6,24
1,1,3,6,6,6,1,1,6,4,1,25
4,2,2,5,2,1,6,5,7,3,1,26
5,2,6,4,3,6,4,3,1,5,5,27
4,2,7,5,1,4,7,7,6,4,6,28
4,1,2,4,5,4,6,5,3,5,3,29
4,1,7,2,6,6,5,2,2,3,5,30
6,4,1,6,3,5,7,7,2,4,2,31
1,6,1,3,5,5,1,4,5,4,5,32
6,5,1,3,6,4,7,6,3,1,1,33
5,1,1,7,6,7,6,7,3,7,4,34
5,4,5,2,5,5,7,3,6,6,3,35
4,1,4,5,7,5,6,3,5,3,6,36
4,1,7,4,6,6,6,4,7,5,1,37
5,2,1,6,5,6,6,6,3,3,3,38
1,1,4,6,4,4,3,6,3,6,3,39
5,6,4,6,7,6,4,6,1,3,5,40
4,3,1,4,1,6,6,2,6,1,1,41
5,6,1,6,4,5,5,4,4,6,4,42
6,5,7,4,2,5,4,4,5,5,7,43
5,5,1,6,5,5,4,5,1,3,4,44
5,4,7,4,5,7,7,3,3,3,6,45
4,3,6,6,3,7,5,5,5,5,5,46
3,7,1,6,5,3,2,6,1,4,1,47
1,7,7,1,4,5,3,7,6,5,6,48
3,5,1,5,5,4,5,2,2,7,5,49
6,1,5,6,3,5,2,1,7,2,6,50
5,5,1,5,4,5,6,6,5,3,4,51
5,4,1,5,4,4,1,5,4,3,3,52
5,6,2,5,4,6,2,4,3,4,7,53
3,2,2,6,6,3,7,6,3,5,1,54
5,6,1,7,6,2,6,5,4,1,3,55
5,5,2,3,1,2,6,4,6,3,1,56
6,2,1,4,2,3,3,6,4,3,6,57
3,1,4,3,3,3,7,1,4,4,1,58
3,5,2,7,6,5,6,6,1,3,5,59
4,4,2,5,4,6,6,6,2,7,1,60
4,1,1,4,4,4,6,5,3,6,4,61
6,7,4,6,5,5,6,6,6,5,5,62
5,1,5,5,5,4,2,4,6,4,1,63
6,3,2,6,5,7,3,4,1,3,1,64
5,5,1,3,1,1,3,3,1,5,4,65
6,1,4,6,3,5,2,4,1,5,1,66
5,6,4,5,6,5,4,2,1,3,5,67
5,1,6,6,4,5,1,6,1,5,5,68
6,4,4,4,4,5,5,6,5,5,7,69
6,1,6,1,4,5,1,6,2,5,1,70
5,6,1,4,3,5,7,5,4,7,1,71
4,1,2,5,6,4,5,6,4,5,2,72
5,1,6,2,5,5,4,6,3,2,1,73
4,5,1,4,5,5,4,7,1,5,2,74
6,2,6,6,4,4,3,4,2,6,1,75
6,3,3,4,4,5,3,6,7,4,6,76
5,5,3,5,5,5,6,7,5,4,1,77
6,7,6,5,6,4,6,4,5,3,2,78
5,7,3,5,5,6,6,6,3,4,1,79
6,6,5,4,5,5,4,4,6,4,1,80
1,1,5,6,5,5,2,6,5,2,1,81
4,7,1,5,3,6,5,4,7,3,1,82
6,5,1,5,6,4,4,5,4,3,1,83
5,7,1,6,2,4,7,6,7,2,5,84
3,3,5,6,4,6,1,7,5,2,6,85
5,6,1,6,1,5,7,5,3,3,3,86
7,4,5,5,4,5,7,5,1,3,5,87
7,2,1,6,6,6,2,6,6,3,1,88
5,2,1,4,4,5,5,6,7,5,2,89
4,1,5,5,4,6,7,6,2,4,2,90
5,1,5,6,3,6,7,4,1,5,1,91
4,4,1,5,3,4,6,4,5,7,1,92
5,6,4,5,5,3,5,2,4,6,2,93
5,1,4,1,5,4,4,6,2,6,3,94
4,1,7,4,5,4,4,6,4,5,1,95
5,2,6,4,5,4,7,6,5,4,1,96
6,7,5,5,3,4,6,3,3,2,5,97
5,1,2,3,5,5,7,5,5,5,1,98
5,4,3,5,1,6,3,5,1,2,1,99
5,1,4,5,5,1,6,5,3,5,5,100
4,2,2,4,4,6,5,4,7,5,2,101
5,1,5,3,2,4,3,1,3,4,1,102
3,3,5,6,5,4,5,3,4,3,6,103
6,3,5,5,4,4,6,7,4,2,3,104
4,3,1,5,6,4,6,6,5,6,1,105
7,5,1,7,5,7,6,4,1,7,1,106
3,1,6,3,6,5,1,7,6,1,5,107
5,1,2,6,3,5,5,7,1,3,2,108
4,4,5,6,6,5,3,5,1,4,6,109
3,2,2,5,5,6,1,6,7,5,1,110
4,1,7,5,5,1,3,5,1,5,1,111
4,1,7,6,6,6,3,5,3,4,2,112
6,1,4,6,5,5,5,1,2,6,3,113
4,1,1,4,6,4,1,7,5,6,7,114
1,5,3,5,4,6,4,6,3,1,4,115
5,1,1,5,4,3,6,3,6,7,1,116
6,5,5,6,5,6,4,6,6,5,1,117
6,4,4,6,2,6,5,5,5,2,1,118
4,1,2,5,6,4,5,5,4,2,1,119
6,6,1,4,3,5,6,3,5,4,6,120
5,1,1,5,4,2,1,5,6,3,1,121
4,2,1,5,4,6,5,5,2,5,1,122
4,1,1,5,5,2,3,6,2,5,1,123
4,1,1,6,4,4,3,5,7,5,1,124
4,6,1,6,5,4,6,6,3,3,1,125
6,2,6,6,6,4,2,3,5,4,1,126
6,1,7,7,5,5,1,6,3,5,6,127
4,1,3,5,4,4,6,5,3,4,6,128
7,2,7,5,6,5,1,5,3,6,5,129
3,1,7,4,3,5,3,4,2,1,5,130
5,7,7,7,5,4,6,5,1,5,6,131
5,1,7,6,5,6,6,3,5,5,4,132
4,1,7,4,5,6,6,4,6,6,5,133
3,1,3,4,3,5,2,6,2,5,4,134
5,5,6,6,3,1,1,2,1,4,1,135
7,4,7,7,7,5,7,6,3,4,1,136
6,5,1,5,4,5,1,6,3,1,4,137
6,1,4,5,3,5,3,5,5,4,2,138
5,5,1,4,5,3,5,4,1,4,6,139
4,1,7,3,4,1,6,3,2,1,4,140
4,1,2,7,3,6,4,3,4,4,7,141
6,1,1,2,5,1,1,4,7,2,2,142
4,5,1,5,3,7,6,5,2,2,6,143
5,2,1,5,4,1,5,7,1,4,4,144
4,6,3,5,2,6,1,4,3,2,1,145
5,4,1,5,3,5,4,6,5,1,7,146
5,1,4,4,5,3,5,7,1,6,1,147
5,3,6,3,5,5,4,4,3,3,6,148
4,4,6,5,5,6,2,5,1,6,3,149
4,5,1,5,5,5,5,5,1,3,1,150
6,2,1,7,4,5,2,5,7,2,5,151
6,1,3,5,1,5,1,7,4,6,4,152
4,6,7,5,4,1,2,6,3,4,5,153
3,1,1,3,5,6,2,5,1,6,1,154
7,7,6,5,2,4,2,5,4,4,1,155
6,5,7,3,4,4,5,5,3,4,3,156
5,1,2,6,6,4,1,7,6,5,5,157
5,1,2,4,5,5,3,6,3,5,1,158
4,1,4,4,4,3,3,2,3,4,5,159
4,7,1,4,4,5,3,6,3,5,2,160
6,5,1,5,4,3,1,5,5,6,6,161
6,2,1,7,1,4,6,6,1,2,5,162
5,1,1,4,5,4,4,1,7,4,4,163
3,1,1,2,4,5,2,4,2,5,6,164
5,1,7,4,4,4,1,5,6,6,1,165
5,5,5,3,6,2,6,5,4,5,2,166
6,2,6,7,4,6,7,1,1,2,5,167
5,1,2,2,5,5,3,1,1,5,4,168
6,4,7,5,2,5,7,3,6,5,3,169
5,6,1,4,2,6,6,4,1,5,7,170
5,4,5,6,5,1,7,7,6,4,1,171
6,3,1,4,4,4,6,7,1,5,5,172
6,2,6,6,4,5,5,7,4,6,1,173
5,1,1,6,4,7,4,6,6,4,4,174
6,5,2,6,1,2,4,5,3,2,2,175
1,4,3,5,5,5,3,3,6,7,1,176
3,1,4,6,5,1,5,5,5,4,1,177
5,2,1,1,5,5,1,5,6,3,1,178
4,1,2,6,5,1,1,5,6,7,5,179
3,1,2,5,5,5,1,5,1,7,3,180
4,1,1,6,5,5,3,7,3,4,1,181
5,5,2,4,4,5,6,3,6,4,1,182
3,1,7,6,5,5,6,1,5,5,5,183
4,1,7,6,5,5,4,2,3,3,2,184
4,3,4,3,3,7,6,6,3,4,5,185
6,2,1,5,5,7,5,5,5,3,1,186
4,6,2,6,4,3,1,3,1,2,1,187
4,1,5,5,6,5,7,6,6,3,5,188
4,3,2,4,5,2,6,1,3,3,4,189
7,7,4,6,6,4,5,4,2,5,5,190
4,5,6,6,4,3,4,5,1,4,1,191
4,4,3,4,5,6,1,2,2,4,6,192
6,1,1,3,6,4,7,6,7,2,5,193
5,6,6,6,4,6,4,6,3,4,4,194
5,1,1,6,5,5,1,7,5,7,6,195
4,1,1,6,4,5,4,6,2,4,1,196
4,7,2,4,5,4,5,6,6,3,5,197
4,2,2,5,4,3,5,5,7,7,2,198
7,5,3,5,6,6,4,3,2,6,5,199
6,5,4,6,2,1,4,7,7,3,6,200
3,6,1,6,5,5,1,3,3,6,5,201
5,5,5,4,4,3,7,5,5,5,6,202
6,5,3,5,4,4,5,1,2,6,6,203
5,4,1,6,5,4,6,1,5,3,7,204
6,7,7,6,4,6,2,6,2,5,3,205
4,1,5,6,4,4,1,6,2,6,5,206
4,1,7,4,4,5,2,6,6,2,2,207
4,5,2,6,3,6,3,3,6,6,3,208
4,1,1,6,3,5,5,6,6,7,4,209
4,5,7,4,6,6,2,7,5,1,5,210
6,2,3,6,4,3,2,4,3,5,6,211
6,1,1,2,4,5,6,3,6,7,5,212
4,1,2,5,3,4,3,5,2,7,1,213
3,1,6,4,4,6,5,5,3,5,1,214
4,1,6,4,6,4,4,5,4,7,6,215
4,3,7,3,4,6,5,6,5,5,1,216
4,2,1,6,4,4,7,5,4,7,5,217
6,2,7,4,5,4,6,7,3,3,1,218
3,1,3,5,4,6,6,6,3,4,4,219
4,6,1,4,3,4,6,5,1,3,1,220
6,5,2,6,3,5,6,6,2,2,1,221
5,1,1,5,3,6,3,5,3,4,3,222
5,1,1,5,3,2,6,6,3,3,6,223
3,2,6,4,2,1,4,5,3,5,1,224
5,7,1,5,5,4,3,5,3,5,3,225
6,1,2,5,2,4,7,3,4,6,5,226
7,3,1,6,5,7,5,7,5,4,1,227
3,1,7,5,3,3,6,5,7,6,1,228
6,4,7,3,4,5,5,6,5,4,1,229
4,1,1,5,6,5,1,3,4,7,2,230
4,4,3,4,5,6,4,5,1,1,5,231
4,1,2,5,6,6,5,4,5,6,2,232
5,1,4,4,4,4,7,5,1,7,5,233
5,2,3,5,2,4,6,6,2,6,4,234
4,6,7,4,5,2,3,3,2,4,1,235
7,4,5,6,4,2,4,2,1,5,4,236
3,5,3,7,2,4,7,3,4,6,2,237
4,1,6,5,6,4,7,6,5,4,2,238
5,1,1,5,3,5,2,5,5,5,1,239
5,1,6,5,5,2,2,3,4,4,6,240
4,7,1,7,3,4,5,7,5,4,1,241
3,3,1,4,5,7,4,6,3,3,5,242
4,1,7,4,5,4,2,3,3,1,1,243
1,1,2,4,6,3,1,6,5,3,4,244
7,2,7,5,5,4,1,5,4,4,6,245
4,1,1,7,4,6,6,5,3,6,5,246
6,2,7,6,4,3,6,3,3,6,4,247
7,3,7,6,1,4,5,4,5,5,4,248
4,1,4,3,7,5,2,6,6,2,1,249
4,5,1,4,4,4,6,6,4,4,6,250
5,1,4,5,2,1,3,6,6,3,5,251
5,6,1,5,5,5,5,5,4,3,6,252
6,1,4,3,5,5,4,6,7,6,1,253
4,1,3,4,4,5,5,5,2,5,2,254
7,1,4,3,3,6,5,7,1,4,4,255
5,7,7,7,5,4,1,7,1,7,5,256
5,1,7,6,5,5,7,4,1,1,1,257
6,3,5,6,3,4,4,6,2,3,3,258
3,1,7,6,3,4,6,7,7,4,1,259
3,6,1,4,6,5,4,7,3,6,5,260
6,1,3,7,4,5,4,5,4,3,5,261
6,5,1,5,4,6,5,6,3,3,1,262
6,5,6,6,4,5,3,5,4,1,1,263
3,1,3,6,6,6,5,1,4,5,1,264
4,1,6,7,7,4,6,6,5,5,2,265
6,2,6,5,3,4,7,2,5,2,1,266
5,2,2,7,5,4,5,4,7,5,7,267
4,3,1,6,5,5,6,7,5,7,1,268
4,1,5,7,4,5,4,6,5,5,5,269
3,1,4,6,3,4,3,6,3,2,1,270
6,3,1,6,4,5,6,6,2,7,1,271
5,6,1,6,1,4,6,7,1,1,1,272
6,4,1,6,4,2,3,7,1,3,1,273
6,6,1,5,5,6,6,5,7,7,3,274
4,6,1,5,4,5,6,6,2,5,4,275
4,3,7,4,4,7,7,2,3,1,6,276
6,1,3,3,1,3,2,3,1,4,5,277
4,6,6,3,5,4,1,5,2,6,4,278
4,3,1,6,5,6,3,5,3,3,2,279
5,7,5,6,5,3,6,7,2,5,4,280
4,4,2,2,5,6,3,6,3,6,1,281
6,2,7,4,4,5,5,4,3,6,3,282
4,1,5,4,4,1,5,6,1,4,2,283
5,1,2,2,1,5,6,1,3,5,3,284
4,1,1,3,5,6,5,5,7,4,5,285
4,6,1,4,4,5,4,7,4,4,5,286
6,6,4,5,3,5,6,5,3,3,5,287
4,6,1,4,4,7,3,2,6,3,5,288
6,6,1,6,5,6,3,5,1,5,1,289
5,5,1,6,6,4,5,3,1,4,6,290
5,6,6,6,5,4,5,3,1,1,3,291
4,5,7,5,5,6,7,2,4,5,6,292
4,4,3,5,5,5,6,7,3,3,1,293
4,3,4,6,5,5,7,7,3,5,5,294
6,1,2,1,4,6,4,7,6,4,6,295
4,6,1,5,4,5,7,6,1,1,3,296
4,3,5,4,4,6,5,6,7,3,1,297
5,2,4,6,2,2,7,3,5,1,5,298
6,1,1,1,7,6,7,6,3,4,1,299
6,2,1,3,5,5,5,5,6,2,3,300
5,1,7,5,5,5,1,4,2,2,1,301
7,1,1,4,2,5,2,7,4,2,1,302
5,5,2,5,4,1,5,5,7,3,4,303
7,1,1,6,4,4,4,7,4,2,1,304
3,5,3,3,3,5,6,4,4,2,1,305
5,1,1,4,4,4,1,5,5,5,5,306
5,1,4,5,5,5,1,7,5,5,1,307
6,1,1,5,5,5,1,3,7,5,4,308
4,6,6,7,7,3,5,7,5,2,2,309
3,1,1,5,5,7,6,1,6,5,6,310
6,5,7,5,6,4,2,5,5,5,1,311
4,1,6,2,3,3,1,7,5,5,7,312
4,1,6,6,5,4,6,4,7,1,2,313
6,1,3,4,5,5,7,5,6,4,6,314
1,1,7,5,2,3,1,5,4,4,1,315
5,4,1,4,4,6,3,7,5,4,1,316
4,6,4,5,4,6,4,4,2,6,1,317
5,5,1,5,5,6,7,6,4,5,5,318
5,1,2,6,6,6,6,7,5,4,1,319
1,6,6,6,5,6,5,4,4,1,5,320
6,5,1,6,4,1,6,1,5,1,1,321
3,1,3,5,3,7,7,5,4,3,3,322
3,4,2,6,4,5,6,4,3,5,5,323
5,7,5,3,5,6,3,2,4,4,3,324
4,3,5,5,4,5,3,6,2,6,2,325
5,1,5,5,4,1,3,5,3,7,6,326
6,4,1,3,4,5,2,3,2,7,7,327
6,2,3,5,4,3,4,6,5,4,5,328
4,3,2,5,5,5,5,7,1,4,2,329
3,2,7,4,3,5,6,7,2,5,6,330
5,4,4,6,5,6,3,5,5,6,5,331
3,2,7,5,5,5,7,3,2,6,2,332
5,1,3,5,3,5,2,4,1,5,7,333
5,4,7,3,6,5,2,6,1,5,5,334
4,1,1,6,6,6,5,2,7,6,2,335
6,2,2,6,5,5,2,4,1,4,5,336
3,7,7,4,4,2,3,6,2,4,2,337
3,1,2,5,5,1,5,1,5,5,6,338
5,1,2,2,6,5,5,2,6,5,1,339
3,2,1,5,5,3,6,6,3,4,1,340
4,2,1,7,3,2,6,4,3,2,5,341
6,1,1,6,5,2,7,6,1,1,4,342
3,1,4,7,5,5,3,7,4,4,1,343
3,1,5,5,5,6,6,6,4,7,2,344
3,5,6,4,5,1,3,4,1,5,3,345
3,2,1,1,5,5,7,5,6,6,5,346
4,5,1,6,3,6,4,5,4,6,3,347
5,1,1,4,6,3,7,5,7,3,2,348
4,3,1,7,4,6,2,5,4,4,4,349
5,5,3,5,5,4,6,5,2,3,4,350
3,4,1,6,4,4,7,4,6,3,5,351
7,2,2,6,4,6,6,1,5,3,1,352
6,6,1,5,6,5,1,2,5,6,5,353
5,2,7,3,3,1,1,1,3,5,6,354
5,1,2,6,4,6,5,2,1,3,3,355
5,5,3,4,5,6,1,7,2,6,1,356
5,1,7,6,4,3,5,5,6,3,1,357
7,5,1,5,4,4,3,6,3,5,1,358
4,2,1,4,3,5,5,4,6,4,5,359
4,1,1,4,6,7,5,4,3,5,6,360
4,3,5,4,5,4,5,7,5,5,7,361
7,1,5,3,6,5,3,2,5,4,1,362
2,3,7,4,3,7,2,4,1,5,4,363
5,4,5,7,5,4,5,6,2,3,5,364
7,4,1,5,4,5,6,6,2,7,5,365
6,5,2,3,5,4,5,1,5,5,6,366
4,5,7,5,6,7,3,6,5,1,3,367
3,5,7,5,3,1,4,6,6,7,1,368
7,1,4,7,5,4,4,7,4,1,1,369
5,5,1,6,3,5,6,2,2,6,6,370
5,4,3,5,3,5,6,6,6,3,1,371
5,1,7,6,6,1,5,6,1,4,1,372
5,1,1,4,5,2,4,3,1,3,3,373
3,4,7,4,5,5,1,7,2,6,6,374
6,1,7,1,5,4,4,3,3,4,1,375
6,1,5,4,3,5,7,2,7,3,1,376
6,4,5,3,4,4,3,1,2,3,1,377
6,6,6,5,3,2,5,4,1,4,1,378
5,3,6,7,6,1,5,5,5,7,5,379
5,1,1,3,3,3,5,2,4,7,5,380
4,1,7,4,4,3,1,2,4,5,3,381
6,5,2,5,5,4,1,5,1,2,6,382
7,1,1,6,4,4,6,5,5,6,6,383
6,6,5,4,1,3,6,3,2,1,5,384
7,1,3,4,5,5,4,5,3,5,5,385
7,1,3,5,3,5,3,6,5,1,3,386
6,6,4,4,6,5,3,2,3,4,2,387
6,3,1,4,4,6,4,2,4,1,1,388
3,4,5,4,5,1,3,5,5,3,5,389
4,2,5,2,1,6,6,1,2,1,1,390
6,1,2,4,5,5,6,6,3,3,7,391
5,1,1,4,4,5,1,6,6,5,6,392
5,1,1,1,4,2,2,7,4,5,1,393
6,6,6,5,4,6,2,6,3,4,1,394
4,1,1,5,2,1,1,7,6,7,1,395
4,2,6,5,3,1,1,7,1,6,2,396
5,1,2,4,5,5,7,6,1,7,2,397
3,1,1,7,5,4,5,3,1,1,1,398
5,1,1,5,4,4,5,5,1,4,3,399
4,2,1,5,5,6,4,7,2,4,3,400
4,1,1,6,3,4,4,6,1,1,6,401
5,1,6,3,3,5,4,2,1,4,1,402
5,2,6,3,4,6,5,2,7,1,1,403
4,1,2,6,6,5,1,5,4,3,1,404
5,3,2,5,5,2,2,6,6,7,1,405
6,5,5,5,3,4,5,6,5,4,6,406
7,3,1,5,5,5,6,5,3,5,1,407
5,6,3,4,3,5,6,4,1,2,5,408
4,7,4,3,3,5,3,3,4,4,7,409
6,1,1,6,6,5,4,5,1,4,3,410
5,4,7,7,3,5,5,6,1,1,1,411
4,6,1,4,6,3,7,4,1,7,5,412
5,1,3,5,3,5,7,5,3,5,1,413
5,1,7,7,3,5,2,4,3,4,1,414
5,3,4,5,4,7,3,5,2,7,2,415
5,1,2,4,3,3,2,4,7,5,3,416
6,4,1,6,5,6,2,4,1,4,1,417
5,1,2,4,6,6,7,6,6,7,2,418
3,1,4,6,4,4,5,4,4,4,1,419
5,1,1,5,2,5,5,2,5,1,5,420
6,1,5,5,5,6,4,1,2,5,1,421
5,4,3,5,5,6,5,5,6,2,5,422
5,1,3,4,5,6,4,5,2,4,3,423
5,2,5,4,6,4,4,6,7,6,1,424
5,1,7,6,7,5,5,6,3,6,5,425
3,1,1,4,6,4,6,1,3,4,3,426
6,1,1,4,5,6,6,5,4,3,2,427
4,1,6,6,1,4,7,4,7,6,5,428
5,3,1,3,6,3,4,1,1,5,1,429
5,1,5,5,5,5,6,5,4,3,5,430
4,1,1,6,5,4,6,4,1,5,1,431
5,1,5,4,2,5,6,5,1,6,2,432
5,5,5,4,4,3,5,7,6,6,3,433
4,1,3,3,4,3,6,1,7,7,6,434
6,3,2,3,3,2,6,4,4,4,3,435
5,7,1,5,5,6,6,6,5,5,1,436
6,1,5,4,6,5,7,5,3,2,1,437
3,6,3,5,4,4,2,7,7,6,1,438
3,3,6,4,5,6,1,5,2,7,6,439
2,1,1,5,5,6,7,5,5,3,1,440
5,4,7,5,3,4,4,5,5,2,6,441
7,7,2,6,5,6,1,7,6,5,4,442
5,3,7,6,5,5,1,6,1,4,1,443
1,2,6,4,5,6,5,7,6,3,1,444
6,1,1,4,4,3,6,6,4,4,7,445
5,5,3,3,4,5,7,4,5,5,1,446
3,5,7,5,3,5,3,5,7,3,2,447
5,1,2,5,6,6,3,4,5,4,4,448
3,4,1,7,1,4,1,5,2,4,1,449
6,1,1,5,4,5,6,6,3,3,4,450
5,6,5,5,2,5,5,3,4,3,1,451
5,3,6,6,3,1,6,4,1,3,1,452
5,1,3,5,3,5,4,6,3,6,6,453
4,6,1,5,1,6,7,7,5,6,1,454
3,2,7,5,5,6,6,3,3,5,1,455
5,6,5,6,3,5,1,7,5,5,4,456
4,5,1,4,6,6,5,1,6,5,1,457
5,2,2,4,4,4,6,5,1,4,1,458
4,4,6,6,5,3,3,7,3,4,4,459
4,1,1,4,3,5,5,5,1,2,1,460
6,6,7,1,4,5,5,2,6,4,2,461
5,2,1,6,6,5,3,7,3,6,1,462
5,1,1,5,4,1,5,3,1,2,2,463
4,1,5,7,5,3,4,7,4,1,3,464
4,7,1,6,5,4,4,6,2,1,1,465
4,1,7,4,4,4,1,3,6,4,6,466
5,4,6,5,1,5,7,6,1,6,6,467
3,1,5,5,5,2,6,5,6,2,5,468
5,1,7,5,5,6,5,2,6,5,1,469
6,1,1,5,6,7,6,7,2,6,5,470
6,3,6,5,4,5,7,3,3,6,1,471
4,1,6,5,6,5,3,6,4,4,4,472
5,1,5,6,3,5,2,3,2,6,6,473
5,4,6,5,3,5,4,6,4,5,5,474
4,1,6,4,4,3,6,7,6,4,1,475
5,1,7,7,6,6,3,7,2,6,1,476
4,6,6,5,4,4,7,5,1,4,6,477
2,1,6,5,7,7,5,5,4,4,4,478
5,1,1,4,6,4,6,6,7,1,4,479
5,1,6,5,3,1,6,2,2,4,1,480
4,6,3,5,3,5,4,7,2,3,1,481
4,1,1,5,3,5,2,7,7,5,5,482
6,1,3,6,4,5,5,6,5,4,4,483
5,2,1,6,4,1,5,5,4,4,1,484
6,1,2,5,5,5,3,6,4,4,6,485
3,1,7,6,5,4,5,6,6,5,2,486
5,5,1,4,5,4,6,3,1,1,4,487
4,2,7,4,2,5,5,5,1,3,1,488
3,6,6,6,6,5,6,5,5,5,1,489
6,3,4,7,6,2,1,4,5,5,3,490
6,3,1,3,5,2,4,4,3,2,1,491
5,6,7,4,6,5,7,4,4,1,5,492
3,1,6,3,4,6,3,5,3,1,1,493
4,6,6,6,3,6,4,6,5,4,1,494
3,6,1,7,5,3,6,7,5,5,5,495
6,2,3,7,4,7,6,3,3,3,1,496
5,2,6,5,2,4,4,7,3,3,2,497
6,4,7,5,6,6,4,7,2,6,6,498
4,4,6,6,6,6,5,3,3,1,6,499
5,1,4,5,6,4,5,4,2,5,3,500
5,3,1,5,4,3,5,6,6,3,1,501
4,1,7,6,5,4,7,5,3,1,1,502
5,5,1,7,4,4,5,5,1,6,5,503
6,7,3,5,5,5,5,7,6,1,1,504
4,1,2,6,6,3,5,7,3,5,1,505
6,5,6,4,6,6,4,5,5,2,4,506
5,1,1,5,6,7,6,5,5,5,5,507
7,1,5,5,4,4,7,6,5,5,5,508
3,1,1,6,6,2,7,7,6,4,1,509
5,1,5,3,6,6,6,7,3,7,1,510
5,6,2,2,5,6,6,6,4,5,4,511
5,2,4,5,4,2,2,7,3,7,1,512
5,1,4,4,5,5,4,6,3,7,2,513
6,1,5,5,5,5,6,6,5,4,6,514
5,4,1,4,5,5,5,5,7,3,4,515
7,6,5,4,1,5,3,4,3,4,2,516
5,2,6,6,6,1,6,6,2,6,2,517
5,7,5,6,4,5,3,5,3,2,3,518
3,4,4,4,2,3,6,4,3,3,1,519
7,6,6,5,5,5,2,5,4,3,6,520
6,4,2,3,5,4,6,1,1,3,1,521
4,1,7,5,5,6,2,4,3,5,4,522
6,5,1,6,4,7,2,2,1,3,1,523
5,5,2,7,1,3,5,5,6,6,3,524
3,1,6,2,5,5,2,6,7,4,1,525
5,6,7,7,4,6,5,2,1,3,5,526
6,1,1,6,3,5,3,1,7,7,2,527
6,1,7,5,7,6,6,5,3,5,6,528
3,5,1,6,5,7,3,5,5,1,4,529
6,6,1,4,5,6,7,6,5,1,1,530
6,1,2,7,4,7,7,6,7,2,6,531
4,1,1,3,3,4,6,6,5,7,5,532
4,2,2,4,5,4,5,5,1,6,2,533
3,1,1,7,4,5,3,5,3,6,1,534
2,2,2,4,4,4,7,5,4,4,1,535
5,1,6,4,3,4,4,5,3,4,4,536
5,1,1,6,3,5,5,5,3,5,5,537
5,1,6,6,5,6,7,6,1,6,7,538
5,3,1,5,6,1,4,3,5,5,3,539
5,6,1,5,5,2,1,4,3,2,1,540
5,5,6,6,3,3,2,5,5,2,5,541
6,1,4,5,4,2,5,6,4,3,6,542
5,1,1,6,4,3,2,3,2,2,1,543
4,1,4,4,2,5,3,6,2,6,1,544
3,4,5,6,4,5,1,4,3,3,1,545
6,1,1,4,3,6,6,4,6,4,1,546
4,2,7,5,4,6,5,3,1,2,2,547
5,4,7,4,3,5,7,5,5,4,5,548
5,1,6,4,5,5,7,6,5,6,2,549
6,5,7,4,5,2,6,6,3,3,3,550
5,1,1,5,6,5,6,7,4,2,6,551
6,7,1,5,5,5,6,5,5,1,1,552
4,7,5,1,5,5,5,2,4,2,6,553
3,6,1,4,4,6,7,2,4,6,6,554
3,6,6,7,5,1,7,4,2,3,7,555
7,6,6,5,4,4,5,5,2,4,1,556
3,1,1,5,5,5,5,4,4,5,5,557
5,1,1,5,4,5,6,7,5,3,5,558
4,1,4,5,5,5,4,6,4,1,1,559
4,1,1,6,5,5,6,7,5,6,6,560
4,6,6,7,5,7,3,6,2,4,3,561
3,3,2,5,3,3,5,6,6,7,6,562
4,1,1,5,5,6,2,6,1,6,6,563
6,5,4,5,1,3,2,4,6,1,6,564
1,5,1,4,1,4,1,6,4,5,4,565
5,1,6,5,5,5,7,6,4,4,1,566
6,6,1,3,3,5,5,6,2,1,6,567
6,1,1,6,6,7,5,5,2,4,4,568
6,4,7,6,3,4,7,5,7,7,1,569
6,1,4,5,7,5,7,4,5,3,6,570
5,5,6,5,3,4,4,4,3,5,5,571
5,1,6,5,5,5,3,5,4,4,1,572
1,7,7,5,6,3,5,6,5,1,5,573
3,6,7,5,4,5,3,6,5,3,2,574
5,1,3,6,5,5,3,3,1,5,4,575
5,5,2,6,4,4,4,1,1,6,6,576
4,4,1,6,3,4,5,5,4,4,6,577
3,1,1,6,6,4,6,1,2,5,1,578
4,1,3,4,1,5,4,4,2,4,2,579
5,5,6,3,4,1,6,4,5,4,5,580
6,1,1,4,4,6,4,3,5,3,1,581
3,6,3,5,5,5,5,7,3,1,5,582
4,1,7,7,3,4,4,6,5,6,5,583
5,1,1,6,6,4,6,4,3,3,1,584
3,1,1,5,5,5,5,3,7,4,3,585
5,1,7,5,4,4,7,5,5,4,4,586
4,7,5,6,5,5,4,7,3,7,4,587
6,1,5,4,3,5,7,6,5,4,5,588
5,4,1,5,1,3,4,4,5,7,4,589
5,4,7,4,6,5,5,7,4,5,1,590
5,2,1,6,4,5,3,5,3,4,6,591
3,1,1,5,5,5,4,4,1,2,1,592
4,1,7,4,5,7,5,5,6,2,3,593
5,3,1,6,7,1,2,4,1,4,1,594
6,5,3,4,2,1,2,4,3,3,4,595
4,6,2,6,6,6,6,4,1,7,1,596
3,3,5,7,3,6,5,1,1,5,3,597
5,3,3,6,5,6,3,5,4,3,1,598
5,2,1,4,1,5,5,5,3,2,6,599
6,6,4,6,7,5,3,6,6,4,4,600
